{"cameraMode":{"drawMode":0,"name":"Shaded","section":"Shading Mode"},"sceneLighting":true,"audioPlay":false,"sceneViewState":{"m_AlwaysRefresh":true,"showFog":true,"showSkybox":true,"showFlares":true,"showImageEffects":true,"showParticleSystems":true,"showVisualEffectGraphs":true,"m_FxEnabled":true},"in2DMode":false,"pivot":{"x":9.973794937133789,"y":10.014638900756836,"z":-1.8983302116394044},"rotation":{"x":-0.08980298042297363,"y":0.8870903849601746,"z":-0.19493605196475984,"w":-0.4086640477180481},"size":11.415623664855957,"orthographic":false}